,brief,full
WP_15Q112_COPY_NUMBER_VARIATION_SYNDROME,15q11.2 copy number variation syndrome, 
WP_15Q133_COPY_NUMBER_VARIATION_SYNDROME,15q13.3 copy number variation syndrome, 
WP_16P112_DISTAL_DELETION_SYNDROME,16p11.2 distal deletion syndrome, 
WP_16P112_PROXIMAL_DELETION_SYNDROME,16p11.2 proximal deletion syndrome, 
WP_1Q211_COPY_NUMBER_VARIATION_SYNDROME,1q21.1 copy number variation syndrome, 
WP_22Q112_COPY_NUMBER_VARIATION_SYNDROME,22q11.2 copy number variation syndrome, 
WP_2586_ARYL_HYDROCARBON_RECEPTOR_PATHWAY,Aryl hydrocarbon receptor pathway, 
WP_2873_ARYL_HYDROCARBON_RECEPTOR_PATHWAY,Aryl hydrocarbon receptor pathway, 
WP_2Q112_COPY_NUMBER_VARIATION_SYNDROME,2q11.2 copy number variation syndrome, 
WP_2Q13_COPY_NUMBER_VARIATION_SYNDROME,2q13 copy number variation syndrome, 
WP_2Q211_COPY_NUMBER_VARIATION_SYNDROME,2q21.1 copy number variation syndrome, 
WP_2Q37_COPY_NUMBER_VARIATION_SYNDROME,2q37 copy number variation syndrome, 
WP_3Q29_COPY_NUMBER_VARIATION_SYNDROME,3q29 copy number variation syndrome, 
WP_4249_HEDGEHOG_SIGNALING_PATHWAY,Hedgehog signaling pathway, 
WP_47_HEDGEHOG_SIGNALING_PATHWAY,Hedgehog signaling pathway, 
WP_4HYDROXYTAMOXIFEN_DEXAMETHASONE_AND_RETINOIC_ACIDS_REGULATION_OF_P27_EXPRESSION,"4-hydroxytamoxifen, dexamethasone, and retinoic acids regulation of p27 expression", 
WP_7OXOC_AND_7BETAHC_PATHWAYS,7-oxo-C and 7-beta-HC pathways, 
WP_7Q1123_COPY_NUMBER_VARIATION_SYNDROME,7q11.23 copy number variation syndrome, 
WP_ACE_INHIBITOR_PATHWAY,ACE inhibitor pathway, 
WP_ACETYLCHOLINE_SYNTHESIS,Acetylcholine synthesis, 
WP_ACQUIRED_PARTIAL_LIPODYSTROPHY_BARRAQUERSIMONS_SYNDROME,Acquired partial lipodystrophy / Barraquer-Simons syndrome, 
WP_ACTIVATION_OF_NLRP3_INFLAMMASOME_BY_SARSCOV2,Activation of NLRP3 inflammasome by SARS-CoV-2, 
WP_ACUTE_VIRAL_MYOCARDITIS,Acute viral myocarditis, 
WP_ADIPOGENESIS,Adipogenesis, 
WP_AEROBIC_GLYCOLYSIS,Aerobic glycolysis, 
WP_AFLATOXIN_B1_METABOLISM,Aflatoxin B1 metabolism, 
WP_AGERAGE_PATHWAY,AGE/RAGE pathway, 
WP_AIRWAY_SMOOTH_MUSCLE_CELL_CONTRACTION,Airway smooth muscle cell contraction, 
WP_ALANINE_AND_ASPARTATE_METABOLISM,Alanine and aspartate metabolism, 
WP_ALLOGRAFT_REJECTION,Allograft rejection, 
WP_ALPHA_6_BETA_4_SIGNALING_PATHWAY,Alpha 6 beta 4 signaling pathway, 
WP_ALSTROM_SYNDROME,Alstrom syndrome, 
WP_ALTERED_GLYCOSYLATION_OF_MUC1_IN_TUMOR_MICROENVIRONMENT,Altered glycosylation of MUC1 in tumor microenvironment, 
WP_ALTERNATIVE_PATHWAY_OF_FETAL_ANDROGEN_SYNTHESIS,Alternative pathway of fetal androgen synthesis, 
WP_ALZHEIMERS_DISEASE,Alzheimer's disease, 
WP_ALZHEIMERS_DISEASE_AND_MIRNA_EFFECTS,Alzheimer's disease and miRNA effects, 
WP_AMINO_ACID_METABOLISM,Amino acid metabolism, 
WP_AMINO_ACID_METABOLISM_IN_TRIPLENEGATIVE_BREAST_CANCER_CELLS,Amino acid metabolism in triple-negative breast cancer cells, 
WP_AMINO_ACID_METABOLISM_PATHWAY_EXCERPT_HISTIDINE_CATABOLISM_EXTENSION,Amino acid metabolism pathway excerpt: histidine catabolism extension, 
WP_AMPACTIVATED_PROTEIN_KINASE_SIGNALING,AMP-activated protein kinase signaling, 
WP_AMPLIFICATION_AND_EXPANSION_OF_ONCOGENIC_PATHWAYS_AS_METASTATIC_TRAITS,Amplification and expansion of oncogenic pathways as metastatic traits, 
WP_AMYOTROPHIC_LATERAL_SCLEROSIS_ALS,Amyotrophic lateral sclerosis (ALS), 
WP_ANDROGEN_RECEPTOR_SIGNALING_PATHWAY,Androgen receptor signaling pathway, 
WP_ANGIOGENESIS,Angiogenesis, 
WP_ANGIOPOIETINLIKE_PROTEIN_8_REGULATORY_PATHWAY,Angiopoietin-like protein 8 regulatory pathway, 
WP_ANGIOTENSIN_II_RECEPTOR_TYPE_1_PATHWAY,Angiotensin II receptor type 1 pathway, 
WP_ANTIVIRAL_AND_ANTIINFLAMMATORY_EFFECTS_OF_NRF2_ON_SARSCOV2_PATHWAY,Antiviral and anti-inflammatory effects of Nrf2 on SARS-CoV-2 pathway, 
WP_APOE_AND_MIR146_IN_INFLAMMATION_AND_ATHEROSCLEROSIS,ApoE and miR-146 in inflammation and atherosclerosis, 
WP_APOPTOSIS,Apoptosis, 
WP_APOPTOSIS_MODULATION_AND_SIGNALING,Apoptosis modulation and signaling, 
WP_APOPTOSIS_MODULATION_BY_HSP70,Apoptosis modulation by HSP70, 
WP_APOPTOSISRELATED_NETWORK_DUE_TO_ALTERED_NOTCH3_IN_OVARIAN_CANCER,Apoptosis-related network due to altered Notch3 in ovarian cancer, 
WP_ARACHIDONATE_EPOXYGENASE_EPOXIDE_HYDROLASE,Arachidonate epoxygenase / epoxide hydrolase, 
WP_ARRHYTHMOGENIC_RIGHT_VENTRICULAR_CARDIOMYOPATHY,Arrhythmogenic right ventricular cardiomyopathy, 
WP_ARSENIC_METABOLISM_AND_REACTIVE_OXYGEN_SPECIES_GENERATION,Arsenic metabolism and reactive oxygen species generation, 
WP_ARYLAMINE_METABOLISM,Arylamine metabolism, 
WP_ASPIRIN_AND_MIRNAS,Aspirin and miRNAs, 
WP_ATM_SIGNALING_IN_DEVELOPMENT_AND_DISEASE,ATM signaling in development and disease, 
WP_ATM_SIGNALING_PATHWAY,ATM signaling pathway, 
WP_ATR_SIGNALING,ATR signaling, 
WP_AUTOPHAGY,Autophagy, 
WP_AUTOSOMAL_RECESSIVE_OSTEOPETROSIS_PATHWAYS,Autosomal recessive osteopetrosis pathways, 
WP_B_CELL_RECEPTOR_SIGNALING_PATHWAY,B cell receptor signaling pathway, 
WP_BARDETBIEDL_SYNDROME,Bardet-Biedl syndrome, 
WP_BASE_EXCISION_REPAIR,Base excision repair, 
WP_BDNFTRKB_SIGNALING,BDNF-TrkB signaling, 
WP_BENZENE_METABOLISM,Benzene metabolism, 
WP_BENZOAPYRENE_METABOLISM,Benzo(a)pyrene metabolism, 
WP_BILE_ACIDS_SYNTHESIS_AND_ENTEROHEPATIC_CIRCULATION,Bile acids synthesis and enterohepatic circulation, 
WP_BIOGENIC_AMINE_SYNTHESIS,Biogenic amine synthesis, 
WP_BIOMARKERS_FOR_PYRIMIDINE_METABOLISM_DISORDERS,Biomarkers for pyrimidine metabolism disorders, 
WP_BIOMARKERS_FOR_UREA_CYCLE_DISORDERS,Biomarkers for urea cycle disorders, 
WP_BIOSYNTHESIS_AND_REGENERATION_OF_TETRAHYDROBIOPTERIN_AND_CATABOLISM_OF_PHENYLALANINE,Biosynthesis and regeneration of tetrahydrobiopterin and catabolism of phenylalanine, 
WP_BIOSYNTHESIS_AND_TURNOVER_OF_1DEOXYSPHINGOID_BASES,Biosynthesis and turnover of 1-deoxy-sphingoid bases, 
WP_BIOTIN_METABOLISM_INCLUDING_IMDS,"Biotin metabolism, including IMDs", 
WP_BLADDER_CANCER,Bladder cancer, 
WP_BLOOD_CLOTTING_CASCADE,Blood clotting cascade, 
WP_BMP2WNT4FOXO1_PATHWAY_IN_PRIMARY_ENDOMETRIAL_STROMAL_CELL_DIFFERENTIATION,BMP2-WNT4-FOXO1 pathway in primary endometrial stromal cell differentiation, 
WP_BMP_SIGNALING_IN_EYELID_DEVELOPMENT,BMP signaling in eyelid development, 
WP_BONE_MORPHOGENIC_PROTEIN_SIGNALING_AND_REGULATION,Bone morphogenic protein signaling and regulation, 
WP_BRAINDERIVED_NEUROTROPHIC_FACTOR_BDNF_SIGNALING_PATHWAY,Brain-derived neurotrophic factor (BDNF) signaling pathway, 
WP_BREAST_CANCER_PATHWAY,Breast cancer pathway, 
WP_BURN_WOUND_HEALING,Burn wound healing, 
WP_CALCIUM_REGULATION_IN_CARDIAC_CELLS,Calcium regulation in cardiac cells, 
WP_CALORIC_RESTRICTION_AND_AGING,Caloric restriction and aging, 
WP_CAMKK2_PATHWAY,CAMKK2 pathway, 
WP_CANCER_IMMUNOTHERAPY_BY_CTLA4_BLOCKADE,Cancer immunotherapy by CTLA4 blockade, 
WP_CANCER_IMMUNOTHERAPY_BY_PD1_BLOCKADE,Cancer immunotherapy by PD-1 blockade, 
WP_CANNABINOID_RECEPTOR_SIGNALING,Cannabinoid receptor signaling, 
WP_CANONICAL_AND_NONCANONICAL_NOTCH_SIGNALING,Canonical and non-canonical Notch signaling, 
WP_CANONICAL_AND_NONCANONICAL_TGFB_SIGNALING,Canonical and non-canonical TGF-B signaling, 
WP_CANONICAL_NFKB_PATHWAY,Canonical NF-kB pathway, 
WP_CARDIAC_HYPERTROPHIC_RESPONSE,Cardiac hypertrophic response, 
WP_CARDIAC_PROGENITOR_DIFFERENTIATION,Cardiac progenitor differentiation, 
WP_CATALYTIC_CYCLE_OF_MAMMALIAN_FLAVINCONTAINING_MONOOXYGENASES_FMOS,Catalytic cycle of mammalian flavin-containing monooxygenases (FMOs), 
WP_CCL18_SIGNALING_PATHWAY,CCL18 signaling pathway, 
WP_CELL_CYCLE,Cell cycle, 
WP_CELL_DIFFERENTIATION_EXPANDED_INDEX,Cell differentiation - expanded index, 
WP_CELL_DIFFERENTIATION_INDEX,Cell differentiation - index, 
WP_CELL_MIGRATION_AND_INVASION_THROUGH_P75NTR,Cell migration and invasion through p75NTR, 
WP_CELLS_AND_MOLECULES_INVOLVED_IN_LOCAL_ACUTE_INFLAMMATORY_RESPONSE,Cells and molecules involved in local acute inflammatory response, 
WP_CELLTYPE_DEPENDENT_SELECTIVITY_OF_CCK2R_SIGNALING,Cell-type dependent selectivity of CCK2R signaling, 
WP_CELLULAR_PROTEOSTASIS,Cellular proteostasis, 
WP_CEREBRAL_ORGANIC_ACIDURIAS_INCLUDING_DISEASES,"Cerebral organic acidurias, including diseases", 
WP_CHEMOKINE_SIGNALING_PATHWAY,Chemokine signaling pathway, 
WP_CHOLESTASIS,Cholestasis, 
WP_CHOLESTEROL_BIOSYNTHESIS_PATHWAY,Cholesterol biosynthesis pathway, 
WP_CHOLESTEROL_BIOSYNTHESIS_WITH_SKELETAL_DYSPLASIAS,Cholesterol biosynthesis with skeletal dysplasias, 
WP_CHOLESTEROL_METABOLISM_WITH_BLOCH_AND_KANDUTSCHRUSSELL_PATHWAYS,Cholesterol metabolism with Bloch and Kandutsch-Russell pathways, 
WP_CHOLESTEROL_SYNTHESIS_DISORDERS,Cholesterol synthesis disorders, 
WP_CHROMOSOMAL_AND_MICROSATELLITE_INSTABILITY_IN_COLORECTAL_CANCER,Chromosomal and microsatellite instability in colorectal cancer, 
WP_CILIARY_LANDSCAPE,Ciliary landscape, 
WP_CILIOPATHIES,Ciliopathies, 
WP_CIRCADIAN_RHYTHM_GENES,Circadian rhythm genes, 
WP_CLASSICAL_PATHWAY_OF_STEROIDOGENESIS_WITH_GLUCOCORTICOID_AND_MINERALOCORTICOID_METABOLISM,Classical pathway of steroidogenesis with glucocorticoid and mineralocorticoid metabolism, 
WP_CLEAR_CELL_RENAL_CELL_CARCINOMA_PATHWAYS,Clear cell renal cell carcinoma pathways, 
WP_CLOCKCONTROLLED_AUTOPHAGY_IN_BONE_METABOLISM,Clock-controlled autophagy in bone metabolism, 
WP_CODEINE_AND_MORPHINE_METABOLISM,Codeine and morphine metabolism, 
WP_COHESIN_COMPLEX_CORNELIA_DE_LANGE_SYNDROME,Cohesin complex - Cornelia de Lange syndrome, 
WP_COMMON_PATHWAYS_UNDERLYING_DRUG_ADDICTION,Common pathways underlying drug addiction, 
WP_COMPLEMENT_ACTIVATION,Complement activation, 
WP_COMPLEMENT_AND_COAGULATION_CASCADES,Complement and coagulation cascades, 
WP_COMPLEMENT_SYSTEM,Complement system, 
WP_COMPLEMENT_SYSTEM_IN_NEURONAL_DEVELOPMENT_AND_PLASTICITY,Complement system in neuronal development and plasticity, 
WP_CONGENITAL_GENERALIZED_LIPODYSTROPHY,Congenital generalized lipodystrophy, 
WP_CONSTITUTIVE_ANDROSTANE_RECEPTOR_PATHWAY,Constitutive androstane receptor pathway, 
WP_CONTROL_OF_IMMUNE_TOLERANCE_BY_VASOACTIVE_INTESTINAL_PEPTIDE,Control of immune tolerance by vasoactive intestinal peptide, 
WP_CONVERSION_OF_ANGIOTENSINOGEN_TO_ANGIOTENSIN_II,Conversion of angiotensinogen to angiotensin II, 
WP_COPPER_HOMEOSTASIS,Copper homeostasis, 
WP_CORI_CYCLE,Cori cycle, 
WP_CORTICOTROPINRELEASING_HORMONE_SIGNALING_PATHWAY,Corticotropin-releasing hormone signaling pathway, 
WP_COVID19_ADVERSE_OUTCOME_PATHWAY,COVID-19 adverse outcome pathway, 
WP_COVID19_THROMBOSIS_AND_ANTICOAGULATION,"COVID-19, thrombosis and anticoagulation", 
WP_CREATINE_PATHWAY,Creatine pathway, 
WP_CYSTEINE_AND_METHIONINE_CATABOLISM,Cysteine and methionine catabolism, 
WP_CYTOKINES_AND_INFLAMMATORY_RESPONSE,Cytokines and inflammatory response, 
WP_CYTOPLASMIC_RIBOSOMAL_PROTEINS,Cytoplasmic ribosomal proteins, 
WP_CYTOSINE_METHYLATION,Cytosine methylation, 
WP_CYTOSOLIC_DNASENSING_PATHWAY,Cytosolic DNA-sensing pathway, 
WP_DDX1_AS_A_REGULATORY_COMPONENT_OF_THE_DROSHA_MICROPROCESSOR,DDX1 as a regulatory component of the Drosha microprocessor, 
WP_DEGRADATION_PATHWAY_OF_SPHINGOLIPIDS_INCLUDING_DISEASES,"Degradation pathway of sphingolipids, including diseases", 
WP_DEREGULATION_OF_RAB_AND_RAB_EFFECTOR_GENES_IN_BLADDER_CANCER,Deregulation of Rab and Rab effector genes in bladder cancer, 
WP_DEVELOPMENT_AND_HETEROGENEITY_OF_THE_ILC_FAMILY,Development and heterogeneity of the ILC family, 
WP_DEVELOPMENT_OF_PULMONARY_DENDRITIC_CELLS_AND_MACROPHAGE_SUBSETS,Development of pulmonary dendritic cells and macrophage subsets, 
WP_DEVELOPMENT_OF_URETERIC_COLLECTION_SYSTEM,Development of ureteric collection system, 
WP_DIFFERENTIATION_OF_WHITE_AND_BROWN_ADIPOCYTE,Differentiation of white and brown adipocyte, 
WP_DISORDERS_IN_KETOLYSIS,Disorders in ketolysis, 
WP_DISORDERS_IN_KETONE_BODY_SYNTHESIS,Disorders in ketone body synthesis, 
WP_DISORDERS_OF_BILE_ACID_SYNTHESIS_AND_BILIARY_TRANSPORT,Disorders of bile acid synthesis and biliary transport, 
WP_DISORDERS_OF_FOLATE_METABOLISM_AND_TRANSPORT,Disorders of folate metabolism and transport, 
WP_DISORDERS_OF_FRUCTOSE_METABOLISM,Disorders of fructose metabolism, 
WP_DISORDERS_OF_GALACTOSE_METABOLISM,Disorders of galactose metabolism, 
WP_DISRUPTION_OF_POSTSYNAPTIC_SIGNALING_BY_CNV,Disruption of postsynaptic signaling by CNV, 
WP_DNA_DAMAGE_RESPONSE,DNA damage response, 
WP_DNA_DAMAGE_RESPONSE_ONLY_ATM_DEPENDENT,DNA damage response (only ATM dependent), 
WP_DNA_IRDAMAGE_AND_CELLULAR_RESPONSE_VIA_ATR,DNA IR-damage and cellular response via ATR, 
WP_DNA_IRDOUBLE_STRAND_BREAKS_AND_CELLULAR_RESPONSE_VIA_ATM,DNA IR-double strand breaks and cellular response via ATM, 
WP_DNA_MISMATCH_REPAIR,DNA mismatch repair, 
WP_DNA_REPAIR_PATHWAYS_FULL_NETWORK,"DNA repair pathways, full network", 
WP_DNA_REPLICATION,DNA replication, 
WP_DOPAMINE_METABOLISM,Dopamine metabolism, 
WP_DOPAMINERGIC_NEUROGENESIS,Dopaminergic neurogenesis, 
WP_DRAVET_SYNDROME,Dravet syndrome, 
WP_DRUG_INDUCTION_OF_BILE_ACID_PATHWAY,Drug induction of bile acid pathway, 
WP_DUAL_HIJACK_MODEL_OF_VIF_IN_HIV_INFECTION,Dual hijack model of Vif in HIV infection, 
WP_DYRK1A,DYRK1A, 
WP_EBOLA_VIRUS_INFECTION_IN_HOST,Ebola virus infection in host, 
WP_EBSTEINBARR_VIRUS_LMP1_SIGNALING,Ebstein-Barr virus LMP1 signaling, 
WP_ECTODERM_DIFFERENTIATION,Ectoderm differentiation, 
WP_EDA_SIGNALING_IN_HAIR_FOLLICLE_DEVELOPMENT,EDA signaling in hair follicle development, 
WP_EFFECT_OF_INTESTINAL_MICROBIOME_ON_ANTICOAGULANT_RESPONSE_OF_VITAMIN_K_ANTAGONISTS,Effect of intestinal microbiome on anticoagulant response of Vitamin K antagonists, 
WP_EFFECT_OF_PROGERIN_ON_GENES_INVOLVED_IN_HUTCHINSONGILFORD_PROGERIA_SYNDROME,Effect of progerin on genes involved in Hutchinson-Gilford progeria syndrome, 
WP_EFFECTS_OF_NITRIC_OXIDE,Effects of nitric oxide, 
WP_EGFEGFR_SIGNALING_PATHWAY,EGF/EGFR signaling pathway, 
WP_EGFR_TYROSINE_KINASE_INHIBITOR_RESISTANCE,EGFR tyrosine kinase inhibitor resistance, 
WP_EICOSANOID_METABOLISM_VIA_CYCLOOXYGENASES_COX,Eicosanoid metabolism via cyclooxygenases (COX), 
WP_EICOSANOID_METABOLISM_VIA_CYTOCHROME_P450_MONOOXYGENASES_PATHWAY,Eicosanoid metabolism via cytochrome P450 monooxygenases pathway, 
WP_EICOSANOID_METABOLISM_VIA_LIPOOXYGENASES_LOX,Eicosanoid metabolism via lipooxygenases (LOX), 
WP_EICOSANOID_SYNTHESIS,Eicosanoid synthesis, 
WP_ELECTRON_TRANSPORT_CHAIN_OXPHOS_SYSTEM_IN_MITOCHONDRIA,Electron transport chain: OXPHOS system in mitochondria, 
WP_EMBRYONIC_STEM_CELL_PLURIPOTENCY_PATHWAYS,Embryonic stem cell pluripotency pathways, 
WP_ENDOCHONDRAL_OSSIFICATION,Endochondral ossification, 
WP_ENDOCHONDRAL_OSSIFICATION_WITH_SKELETAL_DYSPLASIAS,Endochondral ossification with skeletal dysplasias, 
WP_ENDODERM_DIFFERENTIATION,Endoderm differentiation, 
WP_ENDOMETRIAL_CANCER,Endometrial cancer, 
WP_ENDOPLASMIC_RETICULUM_STRESS_RESPONSE_IN_CORONAVIRUS_INFECTION,Endoplasmic reticulum stress response in coronavirus infection, 
WP_ENDOTHELIN_PATHWAYS,Endothelin pathways, 
WP_ENERGY_METABOLISM,Energy metabolism, 
WP_ENVELOPE_PROTEINS_AND_THEIR_POTENTIAL_ROLES_IN_EDMD_PHYSIOPATHOLOGY,Envelope proteins and their potential roles in EDMD physiopathology, 
WP_EPITHELIAL_TO_MESENCHYMAL_TRANSITION_IN_COLORECTAL_CANCER,Epithelial to mesenchymal transition in colorectal cancer, 
WP_EPO_RECEPTOR_SIGNALING,EPO receptor signaling, 
WP_ERBB_SIGNALING_PATHWAY,ErbB signaling pathway, 
WP_ERK_PATHWAY_IN_HUNTINGTONS_DISEASE,ERK pathway in Huntington's disease, 
WP_ESTRADIOL_REGULATION_IN_PORTOSINUSOIDAL_VASCULAR_DISEASE,Estradiol regulation in Porto-Sinusoidal Vascular Disease, 
WP_ESTROGEN_METABOLISM,Estrogen metabolism, 
WP_ESTROGEN_RECEPTOR_PATHWAY,Estrogen receptor pathway, 
WP_ESTROGEN_SIGNALING_PATHWAY,Estrogen signaling pathway, 
WP_ETHANOL_EFFECTS_ON_HISTONE_MODIFICATIONS,Ethanol effects on histone modifications, 
WP_ETHANOL_METABOLISM_PRODUCTION_OF_ROS_BY_CYP2E1,Ethanol metabolism production of ROS by CYP2E1, 
WP_EUKARYOTIC_TRANSCRIPTION_INITIATION,Eukaryotic transcription initiation, 
WP_EV_RELEASE_FROM_CARDIAC_CELLS_AND_THEIR_FUNCTIONAL_EFFECTS,EV release from cardiac cells and their functional effects, 
WP_EXERCISEINDUCED_CIRCADIAN_REGULATION,Exercise-induced circadian regulation, 
WP_EXRNA_MECHANISM_OF_ACTION_AND_BIOGENESIS,exRNA mechanism of action and biogenesis, 
WP_EXTRACELLULAR_VESICLEMEDIATED_SIGNALING_IN_RECIPIENT_CELLS,Extracellular vesicle-mediated signaling in recipient cells, 
WP_EXTRACELLULAR_VESICLES_IN_THE_CROSSTALK_OF_CARDIAC_CELLS,Extracellular vesicles in the crosstalk of cardiac cells, 
WP_EXTRAFOLLICULAR_B_CELL_ACTIVATION_BY_SARSCOV2,Extrafollicular B cell activation by SARS-CoV-2, 
WP_FACTORS_AND_PATHWAYS_AFFECTING_INSULINLIKE_GROWTH_FACTOR_IGF1AKT_SIGNALING,Factors and pathways affecting insulin-like growth factor (IGF1)-Akt signaling, 
WP_FAMILIAL_HYPERLIPIDEMIA_TYPE_1,Familial  hyperlipidemia type 1, 
WP_FAMILIAL_HYPERLIPIDEMIA_TYPE_2,Familial hyperlipidemia type 2, 
WP_FAMILIAL_HYPERLIPIDEMIA_TYPE_3,Familial hyperlipidemia type 3, 
WP_FAMILIAL_HYPERLIPIDEMIA_TYPE_4,Familial hyperlipidemia type 4, 
WP_FAMILIAL_HYPERLIPIDEMIA_TYPE_5,Familial hyperlipidemia type 5, 
WP_FAMILIAL_PARTIAL_LIPODYSTROPHY,Familial partial lipodystrophy, 
WP_FARNESOID_X_RECEPTOR_PATHWAY,Farnesoid X receptor pathway, 
WP_FAS_LIGAND_PATHWAY_AND_STRESS_INDUCTION_OF_HEAT_SHOCK_PROTEINS,Fas ligand pathway and stress induction of heat shock proteins, 
WP_FATTY_ACID_BETAOXIDATION,Fatty acid beta-oxidation, 
WP_FATTY_ACID_BIOSYNTHESIS,Fatty acid biosynthesis, 
WP_FATTY_ACID_OMEGAOXIDATION,Fatty acid omega-oxidation, 
WP_FATTY_ACID_TRANSPORTERS,Fatty acid transporters, 
WP_FBXL10_ENHANCEMENT_OF_MAPERK_SIGNALING_IN_DIFFUSE_LARGE_BCELL_LYMPHOMA,FBXL10 enhancement of MAP/ERK signaling in diffuse large B-cell lymphoma, 
WP_FERROPTOSIS,Ferroptosis, 
WP_FGF23_SIGNALING_IN_HYPOPHOSPHATEMIC_RICKETS_AND_RELATED_DISORDERS,FGF23 signaling in hypophosphatemic rickets and related disorders, 
WP_FGFR3_SIGNALING_IN_CHONDROCYTE_PROLIFERATION_AND_TERMINAL_DIFFERENTIATION,FGFR3 signaling in chondrocyte proliferation and terminal differentiation, 
WP_FIBRIN_COMPLEMENT_RECEPTOR_3_SIGNALING_PATHWAY,Fibrin complement receptor 3 signaling pathway, 
WP_FLUOROACETIC_ACID_TOXICITY,Fluoroacetic acid toxicity, 
WP_FLUOROPYRIMIDINE_ACTIVITY,Fluoropyrimidine activity, 
WP_FOCAL_ADHESION,Focal adhesion, 
WP_FOCAL_ADHESION_PI3KAKTMTORSIGNALING_PATHWAY,Focal adhesion: PI3K-Akt-mTOR-signaling pathway, 
WP_FOLATE_METABOLISM,Folate metabolism, 
WP_FOLATEALCOHOL_AND_CANCER_PATHWAY_HYPOTHESES,Folate-alcohol and cancer pathway hypotheses, 
WP_FOLLICLE_STIMULATING_HORMONE_FSH_SIGNALING_PATHWAY,Follicle stimulating hormone (FSH) signaling pathway, 
WP_FOXA2_PATHWAY,FOXA2 pathway, 
WP_FOXP3_IN_COVID19,FOXP3 in COVID-19, 
WP_FRAGILE_X_SYNDROME,Fragile X syndrome, 
WP_FTO_OBESITY_VARIANT_MECHANISM,FTO obesity variant mechanism, 
WP_G13_SIGNALING_PATHWAY,G13 signaling pathway, 
WP_G1_TO_S_CELL_CYCLE_CONTROL,G1 to S cell cycle control, 
WP_G_PROTEIN_SIGNALING_PATHWAYS,G protein signaling pathways, 
WP_GABA_METABOLISM_AKA_GHB,GABA metabolism (aka GHB), 
WP_GABA_RECEPTOR_SIGNALING,GABA receptor signaling, 
WP_GALANIN_RECEPTOR_PATHWAY,Galanin receptor pathway, 
WP_GAMMAGLUTAMYL_CYCLE_FOR_THE_BIOSYNTHESIS_AND_DEGRADATION_OF_GLUTATHIONE_INCLUDING_DISEASES,"Gamma-glutamyl cycle for the biosynthesis and degradation of glutathione, including diseases", 
WP_GANGLIO_SPHINGOLIPID_METABOLISM,Ganglio sphingolipid metabolism, 
WP_GASTRIC_ACID_PRODUCTION,Gastric acid production, 
WP_GASTRIC_CANCER_NETWORK_1,Gastric cancer network 1, 
WP_GASTRIC_CANCER_NETWORK_2,Gastric cancer network 2, 
WP_GASTRIN_SIGNALING_PATHWAY,Gastrin signaling pathway, 
WP_GDNFRET_SIGNALING_AXIS,GDNF/RET signaling axis, 
WP_GENE_REGULATORY_NETWORK_MODELLING_SOMITOGENESIS,Gene regulatory network modelling somitogenesis, 
WP_GENES_ASSOCIATED_WITH_THE_DEVELOPMENT_OF_RHEUMATOID_ARTHRITIS,Genes associated with the development of rheumatoid arthritis, 
WP_GENES_CONTROLLING_NEPHROGENESIS,Genes controlling nephrogenesis, 
WP_GENES_RELATED_TO_PRIMARY_CILIUM_DEVELOPMENT_BASED_ON_CRISPR,Genes related to primary cilium development (based on CRISPR), 
WP_GENES_TARGETED_BY_MIRNAS_IN_ADIPOCYTES,Genes targeted by miRNAs in adipocytes, 
WP_GENETIC_CAUSES_OF_PSVDINCPH,Genetic causes of PSVD/INCPH, 
WP_GLIAL_CELL_DIFFERENTIATION,Glial cell differentiation, 
WP_GLIOBLASTOMA_SIGNALING_PATHWAYS,Glioblastoma signaling pathways, 
WP_GLUCOCORTICOID_RECEPTOR_PATHWAY,Glucocorticoid receptor pathway, 
WP_GLUCOSE_METABOLISM_IN_TRIPLENEGATIVE_BREAST_CANCER_CELLS,Glucose metabolism in triple-negative breast cancer cells, 
WP_GLUCURONIDATION,Glucuronidation, 
WP_GLUTATHIONE_METABOLISM,Glutathione metabolism, 
WP_GLYCEROLIPIDS_AND_GLYCEROPHOSPHOLIPIDS,Glycerolipids and glycerophospholipids, 
WP_GLYCEROPHOSPHOLIPID_BIOSYNTHETIC_PATHWAY,Glycerophospholipid biosynthetic pathway, 
WP_GLYCOGEN_SYNTHESIS_AND_DEGRADATION,Glycogen synthesis and degradation, 
WP_GLYCOLYSIS_AND_GLUCONEOGENESIS,Glycolysis and gluconeogenesis, 
WP_GLYCOLYSIS_IN_SENESCENCE,Glycolysis in senescence, 
WP_GLYCOSAMINOGLYCAN_DEGRADATION,Glycosaminoglycan degradation, 
WP_GLYCOSYLATION_AND_RELATED_CONGENITAL_DEFECTS,Glycosylation and related congenital defects, 
WP_GLYOXYLATE_METABOLISM,Glyoxylate metabolism, 
WP_GPCRS_CLASS_A_RHODOPSINLIKE,"GPCRs, class A rhodopsin-like", 
WP_GPCRS_CLASS_B_SECRETINLIKE,"GPCRs, class B secretin-like", 
WP_GPCRS_CLASS_C_METABOTROPIC_GLUTAMATE_PHEROMONE,"GPCRs, class C metabotropic glutamate, pheromone", 
WP_GPCRS_OTHER,"GPCRs, other", 
WP_GPR143_IN_MELANOCYTES_AND_RETINAL_PIGMENT_EPITHELIUM_CELLS,GPR143 in melanocytes and retinal pigment epithelium cells, 
WP_GPR40_PATHWAY,GPR40 pathway, 
WP_H19_ACTION_RBE2F1_SIGNALING_AND_CDKBETACATENIN_ACTIVITY,H19 action Rb-E2F1 signaling and CDK-Beta-catenin activity, 
WP_HAIR_FOLLICLE_DEVELOPMENT_CYTODIFFERENTIATION_PART_3_OF_3,Hair follicle development: cytodifferentiation - part 3 of 3, 
WP_HAIR_FOLLICLE_DEVELOPMENT_ORGANOGENESIS_PART_2_OF_3,Hair follicle development: organogenesis - part 2 of 3, 
WP_HEAD_AND_NECK_SQUAMOUS_CELL_CARCINOMA,Head and neck squamous cell carcinoma, 
WP_HEART_DEVELOPMENT,Heart development, 
WP_HEMATOPOIETIC_STEM_CELL_DIFFERENTIATION,Hematopoietic stem cell differentiation, 
WP_HEMATOPOIETIC_STEM_CELL_GENE_REGULATION_BY_GABP_ALPHABETA_COMPLEX,Hematopoietic stem cell gene regulation by GABP alpha/beta complex, 
WP_HEME_BIOSYNTHESIS,Heme biosynthesis, 
WP_HEMESYNTHESIS_DEFECTS_AND_PORPHYRIAS,Hemesynthesis defects and porphyrias, 
WP_HEPATITIS_B_INFECTION,Hepatitis B infection, 
WP_HEPATITIS_C_AND_HEPATOCELLULAR_CARCINOMA,Hepatitis C and hepatocellular carcinoma, 
WP_HEPATOCYTE_GROWTH_FACTOR_RECEPTOR_SIGNALING,Hepatocyte growth factor receptor signaling, 
WP_HEREDITARY_LEIOMYOMATOSIS_AND_RENAL_CELL_CARCINOMA_PATHWAY,Hereditary leiomyomatosis and renal cell carcinoma pathway, 
WP_HFE_EFFECT_ON_HEPCIDIN_PRODUCTION,Hfe effect on hepcidin production, 
WP_HIF1A_AND_PPARG_REGULATION_OF_GLYCOLYSIS,HIF1A and PPARG regulation of glycolysis, 
WP_HIJACK_OF_UBIQUITINATION_BY_SARSCOV2,Hijack of ubiquitination by SARS-CoV-2, 
WP_HIPPO_SIGNALING_REGULATION_PATHWAYS,Hippo signaling regulation pathways, 
WP_HIPPOCAMPAL_SYNAPTOGENESIS_AND_NEUROGENESIS,Hippocampal synaptogenesis and neurogenesis, 
WP_HIPPOMERLIN_SIGNALING_DYSREGULATION,Hippo-Merlin signaling dysregulation, 
WP_HIPPOYAP_SIGNALING_PATHWAY,Hippo-Yap signaling pathway, 
WP_HISTONE_MODIFICATIONS,Histone modifications, 
WP_HOMOLOGOUS_RECOMBINATION,Homologous recombination, 
WP_HOSTPATHOGEN_INTERACTION_OF_HUMAN_CORONAVIRUSES_APOPTOSIS,Host-pathogen interaction of human coronaviruses - apoptosis, 
WP_HOSTPATHOGEN_INTERACTION_OF_HUMAN_CORONAVIRUSES_AUTOPHAGY,Host-pathogen interaction of human coronaviruses - autophagy, 
WP_HOSTPATHOGEN_INTERACTION_OF_HUMAN_CORONAVIRUSES_INTERFERON_INDUCTION,Host-pathogen interaction of human coronaviruses - interferon induction, 
WP_HOSTPATHOGEN_INTERACTION_OF_HUMAN_CORONAVIRUSES_MAPK_SIGNALING,Host-pathogen interaction of human coronaviruses - MAPK signaling, 
WP_HYPERTROPHY_MODEL,Hypertrophy model, 
WP_HYPOTHESIZED_PATHWAYS_IN_PATHOGENESIS_OF_CARDIOVASCULAR_DISEASE,Hypothesized pathways in pathogenesis of cardiovascular disease, 
WP_HYPOTHETICAL_CRANIOFACIAL_DEVELOPMENT_PATHWAY,Hypothetical craniofacial development pathway, 
WP_ID_SIGNALING_PATHWAY,ID signaling pathway, 
WP_IL10_ANTIINFLAMMATORY_SIGNALING_PATHWAY,IL-10 anti-inflammatory signaling pathway, 
WP_IL17_SIGNALING_PATHWAY,IL-17 signaling pathway, 
WP_IL18_SIGNALING_PATHWAY,IL-18 signaling pathway, 
WP_IL1_AND_MEGAKARYOCYTES_IN_OBESITY,IL1 and megakaryocytes in obesity, 
WP_IL1_SIGNALING_PATHWAY,IL-1 signaling pathway, 
WP_IL2_SIGNALING_PATHWAY,IL-2 signaling pathway, 
WP_IL3_SIGNALING_PATHWAY,IL-3 signaling pathway, 
WP_IL4_SIGNALING_PATHWAY,IL-4 signaling pathway, 
WP_IL5_SIGNALING_PATHWAY,IL-5 signaling pathway, 
WP_IL6_SIGNALING_PATHWAY,IL6 signaling pathway, 
WP_IL7_SIGNALING_PATHWAY,IL-7 signaling pathway, 
WP_IL9_SIGNALING_PATHWAY,IL-9 signaling pathway, 
WP_IMATINIB_AND_CHRONIC_MYELOID_LEUKEMIA,Imatinib and chronic myeloid leukemia, 
WP_IMMUNE_RESPONSE_TO_TUBERCULOSIS,Immune response to tuberculosis, 
WP_INCLUSION_BODY_MYOSITIS,Inclusion body myositis, 
WP_INFLAMMATORY_BOWEL_DISEASE_SIGNALING,Inflammatory bowel disease signaling, 
WP_INFLAMMATORY_RESPONSE_PATHWAY,Inflammatory response pathway, 
WP_INFLUENCE_OF_LAMINOPATHIES_ON_WNT_SIGNALING,Influence of laminopathies on Wnt signaling, 
WP_INHIBITION_OF_EXOSOME_BIOGENESIS_AND_SECRETION_BY_MANUMYCIN_A_IN_CRPC_CELLS,Inhibition of exosome biogenesis and secretion by Manumycin A in CRPC cells, 
WP_INITIATION_OF_TRANSCRIPTION_AND_TRANSLATION_ELONGATION_AT_THE_HIV1_LTR,Initiation of transcription and translation elongation at the HIV-1 LTR, 
WP_INSULIN_SIGNALING,Insulin signaling, 
WP_INSULIN_SIGNALING_IN_ADIPOCYTES_DIABETIC_CONDITION,Insulin signaling in adipocytes (diabetic condition), 
WP_INSULIN_SIGNALING_IN_ADIPOCYTES_NORMAL_CONDITION,Insulin signaling in adipocytes (normal condition), 
WP_INTEGRATED_CANCER_PATHWAY,Integrated cancer pathway, 
WP_INTEGRINMEDIATED_CELL_ADHESION,Integrin-mediated cell adhesion, 
WP_INTERACTIONS_BETWEEN_IMMUNE_CELLS_AND_MICRORNAS_IN_TUMOR_MICROENVIRONMENT,Interactions between immune cells and microRNAs in tumor microenvironment, 
WP_INTERACTIONS_BETWEEN_LOXL4_AND_OXIDATIVE_STRESS_PATHWAY,Interactions between LOXL4 and oxidative stress pathway, 
WP_INTERACTIONS_OF_NATURAL_KILLER_CELLS_IN_PANCREATIC_CANCER,Interactions of natural killer cells in pancreatic cancer, 
WP_INTERACTOME_OF_POLYCOMB_REPRESSIVE_COMPLEX_2_PRC2,Interactome of polycomb repressive complex 2 (PRC2), 
WP_INTERFERON_TYPE_I_SIGNALING_PATHWAYS,Interferon type I signaling pathways, 
WP_INTERLEUKIN11_SIGNALING_PATHWAY,Interleukin-11 signaling pathway, 
WP_INTERLEUKIN1_IL1_STRUCTURAL_PATHWAY,Interleukin-1 (IL-1) structural pathway, 
WP_INTERLEUKIN1_INDUCED_ACTIVATION_OF_NFKB,Interleukin-1 induced activation of NF-kB, 
WP_INTRACELLULAR_TRAFFICKING_PROTEINS_INVOLVED_IN_CMT_NEUROPATHY,Intracellular trafficking proteins involved in CMT neuropathy, 
WP_INTRAFLAGELLAR_TRANSPORT_PROTEINS_BINDING_TO_DYNEIN,Intraflagellar transport proteins binding to dynein, 
WP_IRINOTECAN_PATHWAY,Irinotecan pathway, 
WP_IRON_METABOLISM_IN_PLACENTA,Iron metabolism in placenta, 
WP_JOUBERT_SYNDROME,Joubert syndrome, 
WP_KALLMANN_SYNDROME,Kallmann syndrome, 
WP_KENNEDY_PATHWAY_FROM_SPHINGOLIPIDS,Kennedy pathway from sphingolipids, 
WP_KETOGENESIS_AND_KETOLYSIS,Ketogenesis and ketolysis, 
WP_KININKALLIKREIN_PATHWAY,Kinin-Kallikrein pathway, 
WP_KISSPEPTINKISSPEPTIN_RECEPTOR_SYSTEM_IN_THE_OVARY,Kisspeptin/kisspeptin receptor system in the ovary, 
WP_KIT_RECEPTOR_SIGNALING_PATHWAY,Kit receptor signaling pathway, 
WP_KREBS_CYCLE_DISORDERS,Krebs cycle disorders, 
WP_KYNURENINE_PATHWAY_AND_LINKS_TO_CELL_SENESCENCE,Kynurenine pathway and links to cell senescence, 
WP_LDL_INFLUENCE_ON_CD14_AND_TLR4,LDL- influence on CD14 and TLR4, 
WP_LDLRAD4_AND_WHAT_WE_KNOW_ABOUT_IT,LDLRAD4 and what we know about it, 
WP_LEPTIN_AND_ADIPONECTIN,Leptin and adiponectin, 
WP_LEPTIN_SIGNALING_PATHWAY,Leptin signaling pathway, 
WP_LEPTININSULIN_SIGNALING_OVERLAP,Leptin-insulin signaling overlap, 
WP_LET7_INHIBITION_OF_ES_CELL_REPROGRAMMING,let-7 inhibition of ES cell reprogramming, 
WP_LEUCINE_ISOLEUCINE_AND_VALINE_METABOLISM,"Leucine, isoleucine and valine metabolism", 
WP_LEUKOCYTEINTRINSIC_HIPPO_PATHWAY_FUNCTIONS,Leukocyte-intrinsic Hippo pathway functions, 
WP_LEUKOTRIENE_METABOLIC_PATHWAY,Leukotriene metabolic pathway, 
WP_LINOLEIC_ACID_METABOLISM_AFFECTED_BY_SARSCOV2,Linoleic acid metabolism affected by SARS-CoV-2, 
WP_LIPID_METABOLISM_IN_SENESCENT_CELLS,Lipid metabolism in senescent cells, 
WP_LIPID_METABOLISM_PATHWAY,Lipid metabolism pathway, 
WP_LIPID_PARTICLES_COMPOSITION,Lipid particles composition, 
WP_LIVER_X_RECEPTOR_PATHWAY,Liver X receptor pathway, 
WP_LNCRNA_IN_CANONICAL_WNT_SIGNALING_AND_COLORECTAL_CANCER,lncRNA in canonical Wnt signaling and colorectal cancer, 
WP_LNCRNAMEDIATED_MECHANISMS_OF_THERAPEUTIC_RESISTANCE,lncRNA-mediated mechanisms of therapeutic resistance, 
WP_LTF_DANGER_SIGNAL_RESPONSE_PATHWAY,LTF danger signal response pathway, 
WP_LUNG_FIBROSIS,Lung fibrosis, 
WP_MACROPHAGE_MARKERS,Macrophage markers, 
WP_MAJOR_RECEPTORS_TARGETED_BY_EPINEPHRINE_AND_NOREPINEPHRINE,Major receptors targeted by epinephrine and norepinephrine, 
WP_MALE_INFERTILITY,Male infertility, 
WP_MALIGNANT_PLEURAL_MESOTHELIOMA,Malignant pleural mesothelioma, 
WP_MAMMALIAN_DISORDER_OF_SEXUAL_DEVELOPMENT,Mammalian disorder of sexual development, 
WP_MAMMARY_GLAND_DEVELOPMENT_PATHWAY_EMBRYONIC_DEVELOPMENT_STAGE_1_OF_4,Mammary gland development pathway - Embryonic development (Stage 1 of 4), 
WP_MAMMARY_GLAND_DEVELOPMENT_PATHWAY_INVOLUTION_STAGE_4_OF_4,Mammary gland development pathway - Involution (Stage 4 of 4), 
WP_MAMMARY_GLAND_DEVELOPMENT_PATHWAY_PREGNANCY_AND_LACTATION_STAGE_3_OF_4,Mammary gland development pathway - Pregnancy and lactation (Stage 3 of 4), 
WP_MAMMARY_GLAND_DEVELOPMENT_PATHWAY_PUBERTY_STAGE_2_OF_4,Mammary gland development pathway - Puberty (Stage 2 of 4), 
WP_MAP3K1_ROLE_IN_PROMOTING_AND_BLOCKING_GONADAL_DETERMINATION,MAP3K1 role in promoting and blocking gonadal determination, 
WP_MAPK_AND_NFKB_SIGNALING_PATHWAYS_INHIBITED_BY_YERSINIA_YOPJ,MAPK and NFkB signaling pathways inhibited by Yersinia YopJ, 
WP_MAPK_CASCADE,MAPK cascade, 
WP_MAPK_PATHWAY_IN_CONGENITAL_THYROID_CANCER,MAPK pathway in congenital thyroid cancer, 
WP_MAPK_SIGNALING_PATHWAY,MAPK signaling pathway, 
WP_MATRIX_METALLOPROTEINASES,Matrix metalloproteinases, 
WP_MBDNF_AND_PROBDNF_REGULATION_OF_GABA_NEUROTRANSMISSION,mBDNF and proBDNF regulation of GABA neurotransmission, 
WP_MEASLES_VIRUS_INFECTION,Measles virus infection, 
WP_MECHANOREGULATION_AND_PATHOLOGY_OF_YAPTAZ_VIA_HIPPO_AND_NONHIPPO_MECHANISMS,Mechanoregulation and pathology of YAP/TAZ via Hippo and non-Hippo mechanisms, 
WP_MECP2_AND_ASSOCIATED_RETT_SYNDROME,MECP2 and associated Rett syndrome, 
WP_MED_AND_PSEUDOACHONDROPLASIA_GENES,MED and pseudoachondroplasia genes, 
WP_MELANOMA,Melanoma, 
WP_MELATONIN_METABOLISM_AND_EFFECTS,Melatonin metabolism and effects, 
WP_MESODERMAL_COMMITMENT_PATHWAY,Mesodermal commitment pathway, 
WP_MET_IN_TYPE_1_PAPILLARY_RENAL_CELL_CARCINOMA,MET in type 1 papillary renal cell carcinoma, 
WP_METABOLIC_PATHWAY_OF_LDL_HDL_AND_TG_INCLUDING_DISEASES,"Metabolic pathway of LDL, HDL and TG, including diseases", 
WP_METABOLIC_REPROGRAMMING_IN_COLON_CANCER,Metabolic reprogramming in colon cancer, 
WP_METABOLIC_REPROGRAMMING_IN_PANCREATIC_CANCER,Metabolic reprogramming in pancreatic cancer, 
WP_METABOLISM_OF_ALPHALINOLENIC_ACID,Metabolism of alpha-linolenic acid, 
WP_METABOLISM_OF_SPINGOLIPIDS_IN_ER_AND_GOLGI_APPARATUS,Metabolism of spingolipids in ER and Golgi apparatus, 
WP_METAPATHWAY_BIOTRANSFORMATION_PHASE_I_AND_II,Metapathway biotransformation Phase I and II, 
WP_METASTATIC_BRAIN_TUMOR,Metastatic brain tumor, 
WP_METHIONINE_DE_NOVO_AND_SALVAGE_PATHWAY,Methionine de novo and salvage pathway, 
WP_METHIONINE_METABOLISM_LEADING_TO_SULFUR_AMINO_ACIDS_AND_RELATED_DISORDERS,Methionine metabolism leading to sulfur amino acids and related disorders, 
WP_METHYLATION_PATHWAYS,Methylation pathways, 
WP_MEVALONATE_ARM_OF_CHOLESTEROL_BIOSYNTHESIS_PATHWAY,Mevalonate arm of cholesterol biosynthesis pathway, 
WP_MFAP5_EFFECT_ON_PERMEABILITY_AND_MOTILITY_OF_ENDOTHELIAL_CELLS_VIA_CYTOSKELETON_REARRANGEMENT,MFAP5 effect on permeability and motility of endothelial cells via cytoskeleton rearrangement, 
WP_MFAP5MEDIATED_OVARIAN_CANCER_CELL_MOTILITY_AND_INVASIVENESS,MFAP5-mediated ovarian cancer cell motility and invasiveness, 
WP_MICROGLIA_PATHOGEN_PHAGOCYTOSIS_PATHWAY,Microglia pathogen phagocytosis pathway, 
WP_MICRORNA_FOR_TARGETING_CANCER_GROWTH_AND_VASCULARIZATION_IN_GLIOBLASTOMA,MicroRNA for targeting cancer growth and vascularization in glioblastoma, 
WP_MICRORNA_NETWORK_ASSOCIATED_WITH_CHRONIC_LYMPHOCYTIC_LEUKEMIA,MicroRNA network associated with chronic lymphocytic leukemia, 
WP_MICRORNAS_IN_CARDIOMYOCYTE_HYPERTROPHY,MicroRNAs in cardiomyocyte hypertrophy, 
WP_MICROTUBULE_CYTOSKELETON_REGULATION,Microtubule cytoskeleton regulation, 
WP_MIR124_PREDICTED_INTERACTIONS_WITH_CELL_CYCLE_AND_DIFFERENTIATION,mir-124 predicted interactions with cell cycle and differentiation, 
WP_MIR222_IN_EXERCISEINDUCED_CARDIAC_GROWTH,miR-222 in exercise-induced cardiac growth, 
WP_MIR5093P_ALTERATION_OF_YAP1ECM_AXIS,miR-509-3p alteration of YAP1/ECM axis, 
WP_MIR517_RELATIONSHIP_WITH_ARCN1_AND_USP1,miR-517 relationship with ARCN1 and USP1, 
WP_MIRNA_BIOGENESIS,miRNA biogenesis, 
WP_MIRNA_REGULATION_OF_DNA_DAMAGE_RESPONSE,miRNA regulation of DNA damage response, 
WP_MIRNA_REGULATION_OF_P53_PATHWAY_IN_PROSTATE_CANCER,miRNA regulation of p53 pathway in prostate cancer, 
WP_MIRNA_REGULATION_OF_PROSTATE_CANCER_SIGNALING_PATHWAYS,miRNA regulation of prostate cancer signaling pathways, 
WP_MIRNA_TARGETS_IN_ECM_AND_MEMBRANE_RECEPTORS,miRNA targets in ECM and membrane receptors, 
WP_MIRNAS_INVOLVED_IN_DNA_DAMAGE_RESPONSE,miRNAs involved in DNA damage response, 
WP_MIRNAS_INVOLVEMENT_IN_THE_IMMUNE_RESPONSE_IN_SEPSIS,miRNAs involvement in the immune response in sepsis, 
WP_MITOCHONDRIAL_BETA_OXIDATION,Mitochondrial beta oxidation, 
WP_MITOCHONDRIAL_COMPLEX_I_ASSEMBLY_MODEL_OXPHOS_SYSTEM,Mitochondrial complex I assembly model OXPHOS system, 
WP_MITOCHONDRIAL_COMPLEX_II_ASSEMBLY,Mitochondrial complex II assembly, 
WP_MITOCHONDRIAL_COMPLEX_III_ASSEMBLY,Mitochondrial complex III assembly, 
WP_MITOCHONDRIAL_COMPLEX_IV_ASSEMBLY,Mitochondrial complex IV assembly, 
WP_MITOCHONDRIAL_FATTY_ACID_SYNTHESIS_PATHWAY,Mitochondrial fatty acid synthesis pathway, 
WP_MITOCHONDRIAL_GENE_EXPRESSION,Mitochondrial gene expression, 
WP_MITOCHONDRIAL_IMMUNE_RESPONSE_TO_SARSCOV2,Mitochondrial immune response to SARS-CoV-2, 
WP_MITOCHONDRIAL_LONG_CHAIN_FATTY_ACID_BETAOXIDATION,Mitochondrial long chain fatty acid beta-oxidation, 
WP_MODULATION_OF_PI3KAKTMTOR_SIGNALING_BY_BIOACTIVE_SPHINGOLIPIDS,Modulation of PI3K-Akt-mTOR signaling by bioactive sphingolipids, 
WP_MODULATORS_OF_TCR_SIGNALING_AND_T_CELL_ACTIVATION,Modulators of TCR signaling and T cell activation, 
WP_MOLYBDENUM_COFACTOR_MOCO_BIOSYNTHESIS,Molybdenum cofactor (Moco) biosynthesis, 
WP_MONOAMINE_GPCRS,Monoamine GPCRs, 
WP_MONOAMINE_TRANSPORT,Monoamine transport, 
WP_MRNA_PROCESSING,mRNA processing, 
WP_MRNA_PROTEIN_AND_METABOLITE_INDUCATION_PATHWAY_BY_CYCLOSPORIN_A,"mRNA, protein, and metabolite inducation pathway by cyclosporin A", 
WP_MRNA_VACCINE_ACTIVATION_OF_DENDRITIC_CELL_AND_INDUCTION_OF_IFN1,mRNA vaccine activation of dendritic cell and induction of IFN-1, 
WP_MTHFR_DEFICIENCY,MTHFR deficiency, 
WP_MYD88_DISTINCT_INPUTOUTPUT_PATHWAY,MYD88 distinct input-output pathway, 
WP_MYOMETRIAL_RELAXATION_AND_CONTRACTION_PATHWAYS,Myometrial relaxation and contraction pathways, 
WP_NAD_BIOSYNTHESIS_II_FROM_TRYPTOPHAN,NAD biosynthesis II (from tryptophan), 
WP_NAD_BIOSYNTHETIC_PATHWAYS,NAD+ biosynthetic pathways, 
WP_NAD_METABOLISM,NAD+ metabolism, 
WP_NAD_METABOLISM_IN_ONCOGENEINDUCED_SENESCENCE_AND_MITOCHONDRIAL_DYSFUNCTIONASSOCIATED_SENESCENCE,NAD metabolism in oncogene-induced senescence and mitochondrial dysfunction-associated senescence, 
WP_NAD_METABOLISM_SIRTUINS_AND_AGING,"NAD metabolism, sirtuins and aging", 
WP_NANOMATERIAL_INDUCED_APOPTOSIS,Nanomaterial induced apoptosis, 
WP_NANOMATERIALINDUCED_INFLAMMASOME_ACTIVATION,Nanomaterial-induced inflammasome activation, 
WP_NANOPARTICLE_TRIGGERED_AUTOPHAGIC_CELL_DEATH,Nanoparticle triggered autophagic cell death, 
WP_NANOPARTICLE_TRIGGERED_REGULATED_NECROSIS,Nanoparticle triggered regulated necrosis, 
WP_NANOPARTICLEMEDIATED_ACTIVATION_OF_RECEPTOR_SIGNALING,Nanoparticle-mediated activation of receptor signaling, 
WP_NCRNAS_INVOLVED_IN_STAT3_SIGNALING_IN_HEPATOCELLULAR_CARCINOMA,ncRNAs involved in STAT3 signaling in hepatocellular carcinoma, 
WP_NCRNAS_INVOLVED_IN_WNT_SIGNALING_IN_HEPATOCELLULAR_CARCINOMA,ncRNAs involved in Wnt signaling in hepatocellular carcinoma, 
WP_NEOVASCULARISATION_PROCESSES,Neovascularisation processes, 
WP_NEPHROGENESIS,Nephrogenesis, 
WP_NEPHROTIC_SYNDROME,Nephrotic syndrome, 
WP_NETRINUNC5B_SIGNALING_PATHWAY,Netrin-UNC5B signaling pathway, 
WP_NETWORK_MAP_OF_SARSCOV2_SIGNALING_PATHWAY,Network map of SARS-CoV-2 signaling pathway, 
WP_NEURAL_CREST_CELL_MIGRATION_DURING_DEVELOPMENT,Neural crest cell migration during development, 
WP_NEURAL_CREST_CELL_MIGRATION_IN_CANCER,Neural crest cell migration in cancer, 
WP_NEURAL_CREST_DIFFERENTIATION,Neural crest differentiation, 
WP_NEURODEGENERATION_WITH_BRAIN_IRON_ACCUMULATION_NBIA_SUBTYPES_PATHWAY,Neurodegeneration with brain iron accumulation (NBIA) subtypes pathway, 
WP_NEUROGENESIS_REGULATION_IN_THE_OLFACTORY_EPITHELIUM,Neurogenesis regulation in the olfactory epithelium, 
WP_NEUROINFLAMMATION,Neuroinflammation, 
WP_NEUROINFLAMMATION_AND_GLUTAMATERGIC_SIGNALING,Neuroinflammation and glutamatergic signaling, 
WP_NICOTINE_EFFECT_ON_CHROMAFFIN_CELLS,Nicotine effect on chromaffin cells, 
WP_NICOTINE_EFFECT_ON_DOPAMINERGIC_NEURONS,Nicotine effect on dopaminergic neurons, 
WP_NICOTINE_METABOLISM_IN_LIVER_CELLS,Nicotine metabolism in liver cells, 
WP_NIPBL_ROLE_IN_DNA_DAMAGE_CORNELIA_DE_LANGE_SYNDROME,NIPBL role in DNA damage - Cornelia de Lange syndrome, 
WP_NITRIC_OXIDE_METABOLISM_IN_CYSTIC_FIBROSIS,Nitric oxide metabolism in cystic fibrosis, 
WP_NOCGMPPKG_MEDIATED_NEUROPROTECTION,NO/cGMP/PKG mediated neuroprotection, 
WP_NODLIKE_RECEPTOR_NLR_SIGNALING_PATHWAY,Nod-like receptor (NLR) signaling pathway, 
WP_NONALCOHOLIC_FATTY_LIVER_DISEASE,Nonalcoholic fatty liver disease, 
WP_NONCLASSICAL_ROLE_OF_VITAMIN_D,Non-classical role of vitamin D, 
WP_NONGENOMIC_ACTIONS_OF_125_DIHYDROXYVITAMIN_D3,"Non-genomic actions of 1,25 dihydroxyvitamin D3", 
WP_NONHOMOLOGOUS_END_JOINING,Non-homologous end joining, 
WP_NONSMALL_CELL_LUNG_CANCER,Non-small cell lung cancer, 
WP_NOTCH1_REGULATION_OF_ENDOTHELIAL_CELL_CALCIFICATION,NOTCH1 regulation of endothelial cell calcification, 
WP_NOTCH_SIGNALING,Notch signaling, 
WP_NOTCH_SIGNALING_PATHWAY,Notch signaling pathway, 
WP_NOVEL_INTRACELLULAR_COMPONENTS_OF_RIGILIKE_RECEPTOR_PATHWAY,Novel intracellular components of RIG-I-like receptor pathway, 
WP_NRF2_PATHWAY,NRF2 pathway, 
WP_NRF2ARE_REGULATION,NRF2-ARE regulation, 
WP_NRP1TRIGGERED_SIGNALING_PATHWAYS_IN_PANCREATIC_CANCER,NRP1-triggered signaling pathways in pancreatic cancer, 
WP_NSP1_FROM_SARSCOV2_INHIBITS_TRANSLATION_INITIATION_IN_THE_HOST_CELL,nsp1 from SARS-CoV-2 inhibits translation initiation in the host cell, 
WP_NUCLEAR_RECEPTORS,Nuclear receptors, 
WP_NUCLEAR_RECEPTORS_IN_LIPID_METABOLISM_AND_TOXICITY,Nuclear receptors in lipid metabolism and toxicity, 
WP_NUCLEAR_RECEPTORS_METAPATHWAY,Nuclear receptors meta-pathway, 
WP_NUCLEOTIDE_EXCISION_REPAIR,Nucleotide excision repair, 
WP_NUCLEOTIDE_EXCISION_REPAIR_IN_XERODERMA_PIGMENTOSUM,Nucleotide excision repair in xeroderma pigmentosum, 
WP_NUCLEOTIDE_GPCRS,Nucleotide GPCRs, 
WP_NUCLEOTIDEBINDING_OLIGOMERIZATION_DOMAIN_NOD_PATHWAY,Nucleotide-binding oligomerization domain (NOD) pathway, 
WP_OLIGODENDROCYTE_SPECIFICATION_AND_DIFFERENTIATION_LEADING_TO_MYELIN_COMPONENTS_FOR_CNS,"Oligodendrocyte specification and differentiation, leading to myelin components for CNS", 
WP_OMEGA3_OMEGA6_FATTY_ACID_SYNTHESIS,Omega-3 / omega-6 fatty acid synthesis, 
WP_OMEGA9_FATTY_ACID_SYNTHESIS,Omega-9 fatty acid synthesis, 
WP_ONCOSTATIN_M_SIGNALING_PATHWAY,Oncostatin M signaling pathway, 
WP_ONECARBON_METABOLISM,One-carbon metabolism, 
WP_ONECARBON_METABOLISM_AND_RELATED_PATHWAYS,One-carbon metabolism and related pathways, 
WP_OSTEOBLAST_DIFFERENTIATION_AND_RELATED_DISEASES,Osteoblast differentiation and related diseases, 
WP_OSTEOBLAST_SIGNALING,Osteoblast signaling, 
WP_OSTEOCLAST_SIGNALING,Osteoclast signaling, 
WP_OSTEOPONTIN_SIGNALING,Osteopontin signaling, 
WP_OSX_AND_MIRNAS_IN_TOOTH_DEVELOPMENT,OSX and miRNAs in tooth development, 
WP_OVARIAN_INFERTILITY,Ovarian infertility, 
WP_OVERLAP_BETWEEN_SIGNAL_TRANSDUCTION_PATHWAYS_CONTRIBUTING_TO_LMNA_LAMINOPATHIES,Overlap between signal transduction pathways contributing to LMNA laminopathies, 
WP_OVERVIEW_OF_INTERFERONSMEDIATED_SIGNALING_PATHWAY,Overview of interferons-mediated signaling pathway, 
WP_OVERVIEW_OF_NANOPARTICLE_EFFECTS,Overview of nanoparticle effects, 
WP_OVERVIEW_OF_PROINFLAMMATORY_AND_PROFIBROTIC_MEDIATORS,Overview of proinflammatory and profibrotic mediators, 
WP_OXIDATION_BY_CYTOCHROME_P450,Oxidation by cytochrome P450, 
WP_OXIDATIVE_DAMAGE_RESPONSE,Oxidative damage response, 
WP_OXIDATIVE_PHOSPHORYLATION,Oxidative phosphorylation, 
WP_OXIDATIVE_STRESS_RESPONSE,Oxidative stress response, 
WP_OXYSTEROLS_DERIVED_FROM_CHOLESTEROL,Oxysterols derived from cholesterol, 
WP_P38_MAPK_SIGNALING_PATHWAY,p38 MAPK signaling pathway, 
WP_P53_TRANSCRIPTIONAL_GENE_NETWORK,p53 transcriptional gene network, 
WP_PANCREATIC_ADENOCARCINOMA_PATHWAY,Pancreatic adenocarcinoma pathway, 
WP_PARKINSONS_DISEASE_PATHWAY,Parkinson's disease pathway, 
WP_PARKINUBIQUITIN_PROTEASOMAL_SYSTEM_PATHWAY,Parkin-ubiquitin proteasomal system pathway, 
WP_PATHOGENESIS_OF_SARSCOV2_MEDIATED_BY_NSP9NSP10_COMPLEX,Pathogenesis of SARS-CoV-2 mediated by nsp9-nsp10 complex, 
WP_PATHOGENIC_ESCHERICHIA_COLI_INFECTION,Pathogenic Escherichia coli infection, 
WP_PATHWAYS_AFFECTED_IN_ADENOID_CYSTIC_CARCINOMA,Pathways affected in adenoid cystic carcinoma, 
WP_PATHWAYS_OF_NUCLEIC_ACID_METABOLISM_AND_INNATE_IMMUNE_SENSING,Pathways of nucleic acid metabolism and innate immune sensing, 
WP_PDGF_PATHWAY,PDGF pathway, 
WP_PDGFRBETA_PATHWAY,PDGFR-beta pathway, 
WP_PENTOSE_PHOSPHATE_METABOLISM,Pentose phosphate metabolism, 
WP_PENTOSE_PHOSPHATE_PATHWAY_IN_SENESCENT_CELLS,Pentose phosphate pathway in senescent cells, 
WP_PEPTIDE_GPCRS,Peptide GPCRs, 
WP_PEROXIREDOXIN_2_INDUCED_OVARIAN_FAILURE,Peroxiredoxin 2 induced ovarian failure, 
WP_PHASE_I_BIOTRANSFORMATIONS_NON_P450,"Phase I biotransformations, non P450", 
WP_PHOSPHODIESTERASES_IN_NEURONAL_FUNCTION,Phosphodiesterases in neuronal function, 
WP_PHOSPHOINOSITIDES_METABOLISM,Phosphoinositides metabolism, 
WP_PHOTODYNAMIC_THERAPYINDUCED_AP1_SURVIVAL_SIGNALING,Photodynamic therapy-induced AP-1 survival signaling, 
WP_PHOTODYNAMIC_THERAPYINDUCED_HIF1_SURVIVAL_SIGNALING,Photodynamic therapy-induced HIF-1 survival signaling, 
WP_PHOTODYNAMIC_THERAPYINDUCED_NFE2L2_NRF2_SURVIVAL_SIGNALING,Photodynamic therapy-induced NFE2L2 (NRF2) survival signaling, 
WP_PHOTODYNAMIC_THERAPYINDUCED_NFKB_SURVIVAL_SIGNALING,Photodynamic therapy-induced NF-kB survival signaling, 
WP_PHOTODYNAMIC_THERAPYINDUCED_UNFOLDED_PROTEIN_RESPONSE,Photodynamic therapy-induced unfolded protein response, 
WP_PHYSICOCHEMICAL_FEATURES_AND_TOXICITYASSOCIATED_PATHWAYS,Physico-chemical features and toxicity-associated pathways, 
WP_PHYSIOLOGICAL_AND_PATHOLOGICAL_HYPERTROPHY_OF_THE_HEART,Physiological and pathological hypertrophy of the heart, 
WP_PI3KAKT_SIGNALING_PATHWAY,PI3K-Akt signaling pathway, 
WP_PI3KAKTMTOR_SIGNALING_PATHWAY_AND_THERAPEUTIC_OPPORTUNITIES,PI3K-AKT-mTOR signaling pathway and therapeutic opportunities, 
WP_PI3KAKTMTOR_VITAMIN_D3_SIGNALING,PI3K/AKT/mTOR - vitamin D3 signaling, 
WP_PILOCYTIC_ASTROCYTOMA,Pilocytic astrocytoma, 
WP_PKCGAMMA_CALCIUM_SIGNALING_PATHWAY_IN_ATAXIA,PKC-gamma calcium signaling pathway in ataxia, 
WP_PLATELETMEDIATED_INTERACTIONS_WITH_VASCULAR_AND_CIRCULATING_CELLS,Platelet-mediated interactions with vascular and circulating cells, 
WP_PLURIPOTENT_STEM_CELL_DIFFERENTIATION_PATHWAY,Pluripotent stem cell differentiation pathway, 
WP_PPAR_SIGNALING_PATHWAY,PPAR signaling pathway, 
WP_PPARALPHA_PATHWAY,PPAR-alpha pathway, 
WP_PRADERWILLI_AND_ANGELMAN_SYNDROME,Prader-Willi and Angelman syndrome, 
WP_PREGNANE_X_RECEPTOR_PATHWAY,Pregnane X receptor pathway, 
WP_PREIMPLANTATION_EMBRYO,Pre-implantation embryo, 
WP_PRIMARY_FOCAL_SEGMENTAL_GLOMERULOSCLEROSIS_FSGS,Primary focal segmental glomerulosclerosis (FSGS), 
WP_PRION_DISEASE_PATHWAY,Prion disease pathway, 
WP_PROGERIAASSOCIATED_LIPODYSTROPHY,Progeria-associated lipodystrophy, 
WP_PROLACTIN_SIGNALING_PATHWAY,Prolactin signaling pathway, 
WP_PROSTAGLANDIN_AND_LEUKOTRIENE_METABOLISM_IN_SENESCENCE,Prostaglandin and leukotriene metabolism in senescence, 
WP_PROSTAGLANDIN_SIGNALING,Prostaglandin signaling, 
WP_PROSTAGLANDIN_SYNTHESIS_AND_REGULATION,Prostaglandin synthesis and regulation, 
WP_PROSURVIVAL_SIGNALING_OF_NEUROPROTECTIN_D1,Pro-survival signaling of neuroprotectin D1, 
WP_PROTEASOME_DEGRADATION,Proteasome degradation, 
WP_PROTEOGLYCAN_BIOSYNTHESIS,Proteoglycan biosynthesis, 
WP_PROXIMAL_TUBULE_TRANSPORT,Proximal tubule transport, 
WP_PTDINS45P2_IN_CYTOKINESIS_PATHWAY,"PtdIns(4,5)P2 in cytokinesis pathway", 
WP_PTF1A_RELATED_REGULATORY_PATHWAY,PTF1A related regulatory pathway, 
WP_PURINE_METABOLISM,Purine metabolism, 
WP_PURINE_METABOLISM_AND_RELATED_DISORDERS,Purine metabolism and related disorders, 
WP_PURINERGIC_SIGNALING,Purinergic signaling, 
WP_PYRIMIDINE_METABOLISM,Pyrimidine metabolism, 
WP_PYRIMIDINE_METABOLISM_AND_RELATED_DISEASES,Pyrimidine metabolism and related diseases, 
WP_QUERCETIN_AND_NFKB_AP1_INDUCED_APOPTOSIS,Quercetin and Nf-kB / AP-1 induced apoptosis, 
WP_RAC1PAK1P38MMP2_PATHWAY,RAC1/PAK1/p38/MMP2 pathway, 
WP_RALA_DOWNSTREAM_REGULATED_GENES,RalA downstream regulated genes, 
WP_RANKLRANK_SIGNALING_PATHWAY,RANKL/RANK signaling pathway, 
WP_RAS_AND_BRADYKININ_PATHWAYS_IN_COVID19,RAS and bradykinin pathways in COVID-19, 
WP_RAS_SIGNALING,Ras signaling, 
WP_REGUCALCIN_IN_PROXIMAL_TUBULE_EPITHELIAL_KIDNEY_CELLS,Regucalcin in proximal tubule epithelial kidney cells, 
WP_REGULATION_OF_ACTIN_CYTOSKELETON,Regulation of actin cytoskeleton, 
WP_REGULATION_OF_APOPTOSIS_BY_PARATHYROID_HORMONERELATED_PROTEIN,Regulation of apoptosis by parathyroid hormone-related protein, 
WP_REGULATION_OF_SISTER_CHROMATID_SEPARATION_AT_THE_METAPHASEANAPHASE_TRANSITION,Regulation of sister chromatid separation at the metaphase-anaphase transition, 
WP_REGULATION_OF_WNT_BCATENIN_SIGNALING_BY_SMALL_MOLECULE_COMPOUNDS,Regulation of Wnt / B-catenin signaling by small molecule compounds, 
WP_REGULATORY_CIRCUITS_OF_THE_STAT3_SIGNALING_PATHWAY,Regulatory circuits of the STAT3 signaling pathway, 
WP_RELATIONSHIP_BETWEEN_INFLAMMATION_COX2_AND_EGFR,"Relationship between inflammation, COX-2 and EGFR", 
WP_RENINANGIOTENSINALDOSTERONE_SYSTEM_RAAS,Renin-angiotensin-aldosterone system (RAAS), 
WP_RESISTIN_AS_A_REGULATOR_OF_INFLAMMATION,Resistin as a regulator of inflammation, 
WP_RESOLVIN_E1_AND_RESOLVIN_D1_SIGNALING_PATHWAYS_PROMOTING_INFLAMMATION_RESOLUTION,Resolvin E1 and resolvin D1 signaling pathways promoting inflammation resolution, 
WP_RETINOBLASTOMA_GENE_IN_CANCER,Retinoblastoma gene in cancer, 
WP_RETINOL_METABOLISM,Retinol metabolism, 
WP_RETT_SYNDROME_CAUSING_GENES,Rett syndrome causing genes, 
WP_RIBOFLAVIN_AND_COQ_DISORDERS,Riboflavin and CoQ disorders, 
WP_ROBO4_AND_VEGF_SIGNALING_PATHWAYS_CROSSTALK,Robo4 and VEGF signaling pathways crosstalk, 
WP_ROLES_OF_CERAMIDES_IN_THE_DEVELOPMENT_OF_INSULIN_RESISTANCE,Roles of ceramides in the development of insulin resistance, 
WP_S1P_RECEPTOR_SIGNAL_TRANSDUCTION,S1P receptor signal transduction, 
WP_SARS_CORONAVIRUS_AND_INNATE_IMMUNITY,SARS coronavirus and innate immunity, 
WP_SARSCOV2_ALTERING_ANGIOGENESIS_VIA_NRP1,SARS-CoV-2 altering angiogenesis via NRP1, 
WP_SARSCOV2_AND_ACE2_RECEPTOR_MOLECULAR_MECHANISMS,SARS-CoV-2 and ACE2 receptor: molecular mechanisms, 
WP_SARSCOV2_AND_COVID19_PATHWAY,SARS-CoV-2 and COVID-19 pathway, 
WP_SARSCOV2_B117_VARIANT_ANTAGONISES_INNATE_IMMUNE_ACTIVATION,SARS-CoV-2 B.1.1.7 variant antagonises innate immune activation, 
WP_SARSCOV2_INNATE_IMMUNITY_EVASION_AND_CELLSPECIFIC_IMMUNE_RESPONSE,SARS-CoV-2 innate immunity evasion and cell-specific immune response, 
WP_SARSCOV2_MITOCHONDRIAL_CHRONIC_OXIDATIVE_STRESS_AND_ENDOTHELIAL_DYSFUNCTION,SARS-CoV-2 mitochondrial chronic oxidative stress and endothelial dysfunction, 
WP_SARSCOV2_REPLICATION_ORGANELLE_FORMATION,SARS-CoV-2 replication organelle formation, 
WP_SCFA_AND_SKELETAL_MUSCLE_SUBSTRATE_METABOLISM,SCFA and skeletal muscle substrate metabolism, 
WP_SECRETION_OF_HYDROCHLORIC_ACID_IN_PARIETAL_CELLS,Secretion of hydrochloric acid in parietal cells, 
WP_SELECTIVE_EXPRESSION_OF_CHEMOKINE_RECEPTORS_DURING_TCELL_POLARIZATION,Selective expression of chemokine receptors during T-cell polarization, 
WP_SELENIUM_MICRONUTRIENT_NETWORK,Selenium micronutrient network, 
WP_SERINE_METABOLISM,Serine metabolism, 
WP_SEROTONIN_AND_ANXIETY,Serotonin and anxiety, 
WP_SEROTONIN_AND_ANXIETYRELATED_EVENTS,Serotonin and anxiety-related events, 
WP_SEROTONIN_HTR1_GROUP_AND_FOS_PATHWAY,Serotonin HTR1 group and FOS pathway, 
WP_SEROTONIN_RECEPTOR_2_AND_ELKSRFGATA4_SIGNALING,Serotonin receptor 2 and ELK-SRF/GATA4 signaling, 
WP_SEROTONIN_RECEPTOR_467_AND_NR3C_SIGNALING,Serotonin receptor 4/6/7 and NR3C signaling, 
WP_SEROTONIN_TRANSPORTER_ACTIVITY,Serotonin transporter activity, 
WP_SIGNAL_TRANSDUCTION_THROUGH_IL1R,Signal transduction through IL1R, 
WP_SLEEP_REGULATION,Sleep regulation, 
WP_SMALL_CELL_LUNG_CANCER,Small cell lung cancer, 
WP_SMALL_LIGAND_GPCRS,Small ligand GPCRs, 
WP_SMC1SMC3_ROLE_IN_DNA_DAMAGE_CORNELIA_DE_LANGE_SYNDROME,SMC1/SMC3 role in DNA damage - Cornelia de Lange Syndrome, 
WP_SOMATIC_SEX_DETERMINATION,Somatic sex determination, 
WP_SOMATROPH_AXIS_GH_AND_ITS_RELATIONSHIP_TO_DIETARY_RESTRICTION_AND_AGING,Somatroph axis (GH) and its relationship to dietary restriction and aging, 
WP_SOMITOGENESIS_IN_THE_CONTEXT_OF_SPONDYLOCOSTAL_DYSOSTOSIS,Somitogenesis in the context of spondylocostal dysostosis, 
WP_SPHINGOLIPID_METABOLISM_IN_SENESCENCE,Sphingolipid metabolism in senescence, 
WP_SPHINGOLIPID_METABOLISM_INTEGRATED_PATHWAY,Sphingolipid metabolism: integrated pathway, 
WP_SPHINGOLIPID_METABOLISM_OVERVIEW,Sphingolipid metabolism overview, 
WP_SPHINGOLIPID_PATHWAY,Sphingolipid pathway, 
WP_SPINAL_CORD_INJURY,Spinal cord injury, 
WP_SPLICING_FACTOR_NOVA_REGULATED_SYNAPTIC_PROTEINS,Splicing factor NOVA regulated synaptic proteins, 
WP_SREBF_AND_MIR33_IN_CHOLESTEROL_AND_LIPID_HOMEOSTASIS,SREBF and miR33 in cholesterol and lipid homeostasis, 
WP_SRF_AND_MIRS_IN_SMOOTH_MUSCLE_DIFFERENTIATION_AND_PROLIFERATION,SRF and miRs in smooth muscle differentiation and proliferation, 
WP_STATIN_INHIBITION_OF_CHOLESTEROL_PRODUCTION,Statin inhibition of cholesterol production, 
WP_STEROID_BIOSYNTHESIS,Steroid biosynthesis, 
WP_STEROL_REGULATORY_ELEMENTBINDING_PROTEINS_SREBP_SIGNALING,Sterol regulatory element-binding proteins (SREBP) signaling, 
WP_STING_PATHWAY_IN_KAWASAKILIKE_DISEASE_AND_COVID19,STING pathway in Kawasaki-like disease and COVID-19, 
WP_STRIATED_MUSCLE_CONTRACTION_PATHWAY,Striated muscle contraction pathway, 
WP_SUDDEN_INFANT_DEATH_SYNDROME_SIDS_SUSCEPTIBILITY_PATHWAYS,Sudden infant death syndrome (SIDS) susceptibility pathways, 
WP_SULFATION_BIOTRANSFORMATION_REACTION,Sulfation biotransformation reaction, 
WP_SULINDAC_METABOLIC_PATHWAY,Sulindac metabolic pathway, 
WP_SUPRESSION_OF_HMGB1_MEDIATED_INFLAMMATION_BY_THBD,Supression of HMGB1 mediated inflammation by THBD, 
WP_SYNAPTIC_SIGNALING_PATHWAYS_ASSOCIATED_WITH_AUTISM_SPECTRUM_DISORDER,Synaptic signaling pathways associated with autism spectrum disorder, 
WP_SYNAPTIC_VESICLE_PATHWAY,Synaptic vesicle pathway, 
WP_SYNTHESIS_OF_CERAMIDES_AND_1DEOXYCERAMIDES,Synthesis of ceramides and 1-deoxyceramides, 
WP_T_CELL_RECEPTOR_AND_COSTIMULATORY_SIGNALING,T cell receptor and co-stimulatory signaling, 
WP_TAMOXIFEN_METABOLISM,Tamoxifen metabolism, 
WP_TARGET_OF_RAPAMYCIN_SIGNALING,Target of rapamycin signaling, 
WP_TCA_CYCLE_AKA_KREBS_OR_CITRIC_ACID_CYCLE,TCA cycle (aka Krebs or citric acid cycle), 
WP_TCA_CYCLE_AND_DEFICIENCY_OF_PYRUVATE_DEHYDROGENASE_COMPLEX_PDHC,TCA cycle and deficiency of pyruvate dehydrogenase complex (PDHc), 
WP_TCA_CYCLE_IN_SENESCENCE,TCA cycle in senescence, 
WP_TCA_CYCLE_NUTRIENT_USE_AND_INVASIVENESS_OF_OVARIAN_CANCER,TCA cycle nutrient use and invasiveness of ovarian cancer, 
WP_TCELL_ACTIVATION_SARSCOV2,T-cell activation SARS-CoV-2, 
WP_TCELL_ANTIGEN_RECEPTOR_TCR_PATHWAY_DURING_STAPHYLOCOCCUS_AUREUS_INFECTION,T-cell antigen receptor (TCR) pathway during Staphylococcus aureus infection, 
WP_TCELL_RECEPTOR_SIGNALING_PATHWAY,T-cell receptor signaling pathway, 
WP_TGFBETA_RECEPTOR_SIGNALING,TGF-beta receptor signaling, 
WP_TGFBETA_RECEPTOR_SIGNALING_IN_SKELETAL_DYSPLASIAS,TGF-beta receptor signaling in skeletal dysplasias, 
WP_TGFBETA_SIGNALING_IN_THYROID_CELLS_FOR_EPITHELIALMESENCHYMAL_TRANSITION,TGF-beta signaling in thyroid cells for epithelial-mesenchymal transition, 
WP_TGFBETA_SIGNALING_PATHWAY,TGF-beta signaling pathway, 
WP_TGIF_DISRUPTION_OF_SHH_SIGNALING,Tgif disruption of Shh signaling, 
WP_TH17_CELL_DIFFERENTIATION_PATHWAY,Th17 cell differentiation pathway, 
WP_THERMOGENESIS,Thermogenesis, 
WP_THIAMINE_METABOLIC_PATHWAYS,Thiamine metabolic pathways, 
WP_THYMIC_STROMAL_LYMPHOPOIETIN_TSLP_SIGNALING_PATHWAY,Thymic stromal lymphopoietin (TSLP) signaling pathway, 
WP_THYROID_HORMONES_PRODUCTION_AND_PERIPHERAL_DOWNSTREAM_SIGNALING_EFFECTS,Thyroid hormones production and peripheral downstream signaling effects, 
WP_THYROID_STIMULATING_HORMONE_TSH_SIGNALING_PATHWAY,Thyroid stimulating hormone (TSH) signaling pathway, 
WP_THYROXINE_THYROID_HORMONE_PRODUCTION,Thyroxine (thyroid hormone) production, 
WP_TLR4_SIGNALING_AND_TOLERANCE,TLR4 signaling and tolerance, 
WP_TNFALPHA_SIGNALING_PATHWAY,TNF-alpha signaling pathway, 
WP_TNFRELATED_WEAK_INDUCER_OF_APOPTOSIS_TWEAK_SIGNALING_PATHWAY,TNF-related weak inducer of apoptosis (TWEAK) signaling pathway, 
WP_TOLLLIKE_RECEPTOR_SIGNALING_PATHWAY,Toll-like receptor signaling pathway, 
WP_TOLLLIKE_RECEPTOR_SIGNALING_RELATED_TO_MYD88,Toll-like receptor signaling related to MyD88, 
WP_TP53_NETWORK,TP53 network, 
WP_TRANSCRIPTION_COFACTORS_SKI_AND_SKIL_PROTEIN_PARTNERS,Transcription co-factors SKI and SKIL protein partners, 
WP_TRANSCRIPTION_FACTOR_REGULATION_IN_ADIPOGENESIS,Transcription factor regulation in adipogenesis, 
WP_TRANSCRIPTION_FACTORS_REGULATE_MIRNAS_RELATED_TO_CARDIAC_HYPERTROPHY,Transcription factors regulate miRNAs related to cardiac hypertrophy, 
WP_TRANSCRIPTIONAL_ACTIVATION_BY_NRF2_IN_RESPONSE_TO_PHYTOCHEMICALS,Transcriptional activation by NRF2 in response to phytochemicals, 
WP_TRANSCRIPTIONAL_CASCADE_REGULATING_ADIPOGENESIS,Transcriptional cascade regulating adipogenesis, 
WP_TRANSLATION_FACTORS,Translation factors, 
WP_TRANSLATION_INHIBITORS_IN_CHRONICALLY_ACTIVATED_PDGFRA_CELLS,Translation inhibitors in chronically activated PDGFRA cells, 
WP_TRANSSULFURATION_ONECARBON_METABOLISM_AND_RELATED_PATHWAYS,"Trans-sulfuration, one-carbon metabolism and related pathways", 
WP_TRANSSULFURATION_PATHWAY,Trans-sulfuration pathway, 
WP_TRIACYLGLYCERIDE_SYNTHESIS,Triacylglyceride synthesis, 
WP_TRYPTOPHAN_CATABOLISM_LEADING_TO_NAD_PRODUCTION,Tryptophan catabolism leading to NAD+ production, 
WP_TRYPTOPHAN_METABOLISM,Tryptophan metabolism, 
WP_TUMOR_SUPPRESSOR_ACTIVITY_OF_SMARCB1,Tumor suppressor activity of SMARCB1, 
WP_TYPE_2_PAPILLARY_RENAL_CELL_CARCINOMA,Type 2 papillary renal cell carcinoma, 
WP_TYPE_I_COLLAGEN_SYNTHESIS_IN_THE_CONTEXT_OF_OSTEOGENESIS_IMPERFECTA,Type I collagen synthesis in the context of osteogenesis imperfecta, 
WP_TYPE_I_INTERFERON_INDUCTION_AND_SIGNALING_DURING_SARSCOV2_INFECTION,Type I interferon induction and signaling during SARS-CoV-2 infection, 
WP_TYPE_II_DIABETES_MELLITUS,Type II diabetes mellitus, 
WP_TYPE_II_INTERFERON_SIGNALING,Type II interferon signaling, 
WP_TYPE_III_INTERFERON_SIGNALING,Type III interferon signaling, 
WP_TYROBP_CAUSAL_NETWORK_IN_MICROGLIA,TYROBP causal network in microglia, 
WP_TYROSINE_METABOLISM_AND_RELATED_DISORDERS,Tyrosine metabolism and related disorders, 
WP_ULCERATIVE_COLITIS_SIGNALING,Ulcerative colitis signaling, 
WP_ULTRACONSERVED_REGION_339_MODULATION_OF_TUMOR_SUPPRESSOR_MICRORNAS_IN_CANCER,Ultraconserved region 339 modulation of tumor suppressor microRNAs in cancer, 
WP_UNFOLDED_PROTEIN_RESPONSE,Unfolded protein response, 
WP_UREA_CYCLE_AND_ASSOCIATED_PATHWAYS,Urea cycle and associated pathways, 
WP_UREA_CYCLE_AND_METABOLISM_OF_AMINO_GROUPS,Urea cycle and metabolism of amino groups, 
WP_UREA_CYCLE_AND_RELATED_DISEASES,Urea cycle and related diseases, 
WP_VALPROIC_ACID_PATHWAY,Valproic acid pathway, 
WP_VASOPRESSINREGULATED_WATER_REABSORPTION,Vasopressin-regulated water reabsorption, 
WP_VEGFAVEGFR2_SIGNALING_PATHWAY,VEGFA-VEGFR2 signaling pathway, 
WP_VITAMIN_A_AND_CAROTENOID_METABOLISM,Vitamin A and carotenoid metabolism, 
WP_VITAMIN_B12_DISORDERS,Vitamin B12 disorders, 
WP_VITAMIN_B12_METABOLISM,Vitamin B12 metabolism, 
WP_VITAMIN_B6DEPENDENT_AND_RESPONSIVE_DISORDERS,Vitamin B6-dependent and responsive disorders, 
WP_VITAMIN_D_IN_INFLAMMATORY_DISEASES,Vitamin D in inflammatory diseases, 
WP_VITAMIN_D_METABOLISM,Vitamin D metabolism, 
WP_VITAMIN_D_RECEPTOR_PATHWAY,Vitamin D receptor pathway, 
WP_VITAMIN_DSENSITIVE_CALCIUM_SIGNALING_IN_DEPRESSION,Vitamin D-sensitive calcium signaling in depression, 
WP_VITAMIN_K_METABOLISM_AND_ACTIVATION_OF_DEPENDENT_PROTEINS,Vitamin K metabolism and activation of dependent proteins, 
WP_WHITE_FAT_CELL_DIFFERENTIATION,White fat cell differentiation, 
WP_WNT_SIGNALING,Wnt signaling, 
WP_WNT_SIGNALING_IN_KIDNEY_DISEASE,Wnt signaling in kidney disease, 
WP_WNT_SIGNALING_PATHWAY,Wnt signaling pathway, 
WP_WNT_SIGNALING_PATHWAY_AND_PLURIPOTENCY,Wnt signaling pathway and pluripotency, 
WP_WNTBETACATENIN_SIGNALING_PATHWAY_IN_LEUKEMIA,Wnt/beta-catenin signaling pathway in leukemia, 
WP_ZINC_HOMEOSTASIS,Zinc homeostasis, 
